asset,market,currency,interval,observations,first_unix_utc,last_unix_utc,missing_intervals,network_metrics,reference_days,derivative_metrics
BTC,upbit,KRW,1d,3301,1506297600,1791417600,0,active_addresses;balance_addresses;transactions;transfers;supply;fees_native;blocks;hashrate;issuance;price;mvrv;market_cap;realized_cap;realized_price;nupl;exchange_inflow;exchange_outflow;exchange_balance;exchange_netflow,5927,5
BTC,upbit,KRW,1h,2160,1783778400,1791550800,0,active_addresses;balance_addresses;transactions;transfers;supply;fees_native;blocks;hashrate;issuance;price;mvrv;market_cap;realized_cap;realized_price;nupl;exchange_inflow;exchange_outflow;exchange_balance;exchange_netflow,5927,5
BTC,binance,USDT,1d,3340,1502928000,1791417600,0,active_addresses;balance_addresses;transactions;transfers;supply;fees_native;blocks;hashrate;issuance;price;mvrv;market_cap;realized_cap;realized_price;nupl;exchange_inflow;exchange_outflow;exchange_balance;exchange_netflow,5927,5
BTC,binance,USDT,1h,2160,1783778400,1791550800,0,active_addresses;balance_addresses;transactions;transfers;supply;fees_native;blocks;hashrate;issuance;price;mvrv;market_cap;realized_cap;realized_price;nupl;exchange_inflow;exchange_outflow;exchange_balance;exchange_netflow,5927,5
DOGE,upbit,KRW,1d,2053,1614124800,1791417600,0,active_addresses;balance_addresses;transactions;transfers;supply;fees_native;hashrate;blocks;issuance;price;mvrv;market_cap;realized_cap;realized_price;nupl,4642,5
DOGE,upbit,KRW,1h,2160,1783778400,1791550800,0,active_addresses;balance_addresses;transactions;transfers;supply;fees_native;hashrate;blocks;issuance;price;mvrv;market_cap;realized_cap;realized_price;nupl,4642,5
DOGE,binance,USDT,1d,2653,1562284800,1791417600,0,active_addresses;balance_addresses;transactions;transfers;supply;fees_native;hashrate;blocks;issuance;price;mvrv;market_cap;realized_cap;realized_price;nupl,4642,5
DOGE,binance,USDT,1h,2160,1783778400,1791550800,0,active_addresses;balance_addresses;transactions;transfers;supply;fees_native;hashrate;blocks;issuance;price;mvrv;market_cap;realized_cap;realized_price;nupl,4642,5
ETH,upbit,KRW,1d,3298,1506297600,1791417600,3,active_addresses;balance_addresses;transactions;transfers;supply;fees_native;blocks;issuance;exchange_inflow;exchange_outflow;exchange_balance;exchange_netflow;price;mvrv;market_cap;realized_cap;realized_price;nupl,4080,5
ETH,upbit,KRW,1h,2160,1783778400,1791550800,0,active_addresses;balance_addresses;transactions;transfers;supply;fees_native;blocks;issuance;exchange_inflow;exchange_outflow;exchange_balance;exchange_netflow;price;mvrv;market_cap;realized_cap;realized_price;nupl,4080,5
ETH,binance,USDT,1d,3340,1502928000,1791417600,0,active_addresses;balance_addresses;transactions;transfers;supply;fees_native;blocks;issuance;exchange_inflow;exchange_outflow;exchange_balance;exchange_netflow;price;mvrv;market_cap;realized_cap;realized_price;nupl,4080,5
ETH,binance,USDT,1h,2160,1783778400,1791550800,0,active_addresses;balance_addresses;transactions;transfers;supply;fees_native;blocks;issuance;exchange_inflow;exchange_outflow;exchange_balance;exchange_netflow;price;mvrv;market_cap;realized_cap;realized_price;nupl,4080,5
SOL,upbit,KRW,1d,1820,1634256000,1791417600,0,,2373,5
SOL,upbit,KRW,1h,2160,1783778400,1791550800,0,,2373,5
SOL,binance,USDT,1d,2250,1597104000,1791417600,0,,2373,5
SOL,binance,USDT,1h,2160,1783778400,1791550800,0,,2373,5
XRP,upbit,KRW,1d,3298,1506297600,1791417600,3,active_addresses;balance_addresses;transactions;transfers;supply;fees_native;blocks;price;mvrv;market_cap;realized_cap;realized_price;nupl,4438,5
XRP,upbit,KRW,1h,2160,1783778400,1791550800,0,active_addresses;balance_addresses;transactions;transfers;supply;fees_native;blocks;price;mvrv;market_cap;realized_cap;realized_price;nupl,4438,5
XRP,binance,USDT,1d,3080,1525392000,1791417600,0,active_addresses;balance_addresses;transactions;transfers;supply;fees_native;blocks;price;mvrv;market_cap;realized_cap;realized_price;nupl,4438,5
XRP,binance,USDT,1h,2160,1783778400,1791550800,0,active_addresses;balance_addresses;transactions;transfers;supply;fees_native;blocks;price;mvrv;market_cap;realized_cap;realized_price;nupl,4438,5
LINK,upbit,KRW,1d,2257,1596499200,1791417600,0,active_addresses;balance_addresses;transactions;transfers;supply;issuance;price;mvrv;market_cap;realized_cap;realized_price;nupl,3297,5
LINK,upbit,KRW,1h,2160,1783778400,1791550800,0,active_addresses;balance_addresses;transactions;transfers;supply;issuance;price;mvrv;market_cap;realized_cap;realized_price;nupl,3297,5
LINK,binance,USDT,1d,2823,1547596800,1791417600,0,active_addresses;balance_addresses;transactions;transfers;supply;issuance;price;mvrv;market_cap;realized_cap;realized_price;nupl,3297,5
LINK,binance,USDT,1h,2160,1783778400,1791550800,0,active_addresses;balance_addresses;transactions;transfers;supply;issuance;price;mvrv;market_cap;realized_cap;realized_price;nupl,3297,5
ONDO,upbit,KRW,1d,847,1718323200,1791417600,0,,995,5
ONDO,upbit,KRW,1h,2160,1783778400,1791550800,0,,995,5
ONDO,binance,USDT,1d,546,1744329600,1791417600,0,,995,5
ONDO,binance,USDT,1h,2160,1783778400,1791550800,0,,995,5
PEPE,upbit,KRW,1d,694,1731542400,1791417600,0,,1149,5
PEPE,upbit,KRW,1h,2160,1783778400,1791550800,0,,1149,5
PEPE,binance,USDT,1d,1253,1683244800,1791417600,0,,1149,5
PEPE,binance,USDT,1h,2160,1783778400,1791550800,0,,1149,5
PENGU,upbit,KRW,1d,518,1746748800,1791417600,0,,623,5
PENGU,upbit,KRW,1h,2160,1783778400,1791550800,0,,623,5
PENGU,binance,USDT,1d,661,1734393600,1791417600,0,,623,5
PENGU,binance,USDT,1h,2160,1783778400,1791550800,0,,623,5
TRX,upbit,KRW,1d,3109,1522886400,1791417600,0,price;active_addresses;transactions;transfers;blocks,3028,5
TRX,upbit,KRW,1h,2160,1783778400,1791550800,0,price;active_addresses;transactions;transfers;blocks,3028,5
TRX,binance,USDT,1d,3042,1528675200,1791417600,0,price;active_addresses;transactions;transfers;blocks,3028,5
TRX,binance,USDT,1h,2160,1783778400,1791550800,0,price;active_addresses;transactions;transfers;blocks,3028,5
ADA,upbit,KRW,1d,3287,1507248000,1791417600,3,active_addresses;balance_addresses;transactions;transfers;supply;fees_native;blocks;issuance;price;mvrv;market_cap;realized_cap;realized_price;nupl,3234,5
ADA,upbit,KRW,1h,2160,1783778400,1791550800,0,active_addresses;balance_addresses;transactions;transfers;supply;fees_native;blocks;issuance;price;mvrv;market_cap;realized_cap;realized_price;nupl,3234,5
ADA,binance,USDT,1d,3097,1523923200,1791417600,0,active_addresses;balance_addresses;transactions;transfers;supply;fees_native;blocks;issuance;price;mvrv;market_cap;realized_cap;realized_price;nupl,3234,5
ADA,binance,USDT,1h,2160,1783778400,1791550800,0,active_addresses;balance_addresses;transactions;transfers;supply;fees_native;blocks;issuance;price;mvrv;market_cap;realized_cap;realized_price;nupl,3234,5
XLM,upbit,KRW,1d,3298,1506297600,1791417600,3,price;mvrv;active_addresses;balance_addresses;transactions;transfers;supply;market_cap;fees_native;blocks;issuance;realized_cap;realized_price;nupl,4027,5
XLM,upbit,KRW,1h,2160,1783778400,1791550800,0,price;mvrv;active_addresses;balance_addresses;transactions;transfers;supply;market_cap;fees_native;blocks;issuance;realized_cap;realized_price;nupl,4027,5
XLM,binance,USDT,1d,3053,1527724800,1791417600,0,price;mvrv;active_addresses;balance_addresses;transactions;transfers;supply;market_cap;fees_native;blocks;issuance;realized_cap;realized_price;nupl,4027,5
XLM,binance,USDT,1h,2160,1783778400,1791550800,0,price;mvrv;active_addresses;balance_addresses;transactions;transfers;supply;market_cap;fees_native;blocks;issuance;realized_cap;realized_price;nupl,4027,5
NEAR,upbit,KRW,1d,1759,1639526400,1791417600,0,,2185,5
NEAR,upbit,KRW,1h,2160,1783778400,1791550800,0,,2185,5
NEAR,binance,USDT,1d,2186,1602633600,1791417600,0,,2185,5
NEAR,binance,USDT,1h,2160,1783778400,1791550800,0,,2185,5
BCH,upbit,KRW,1d,3298,1506297600,1791417600,3,price;mvrv;active_addresses;balance_addresses;transactions;transfers;supply;market_cap;fees_native;hashrate;blocks;issuance;realized_cap;realized_price;nupl,3356,5
BCH,upbit,KRW,1h,2160,1783778400,1791550800,0,price;mvrv;active_addresses;balance_addresses;transactions;transfers;supply;market_cap;fees_native;hashrate;blocks;issuance;realized_cap;realized_price;nupl,3356,5
BCH,binance,USDT,1d,2507,1574899200,1791417600,0,price;mvrv;active_addresses;balance_addresses;transactions;transfers;supply;market_cap;fees_native;hashrate;blocks;issuance;realized_cap;realized_price;nupl,3356,5
BCH,binance,USDT,1h,2160,1783778400,1791550800,0,price;mvrv;active_addresses;balance_addresses;transactions;transfers;supply;market_cap;fees_native;hashrate;blocks;issuance;realized_cap;realized_price;nupl,3356,5
UNI,upbit,KRW,1d,717,1729555200,1791417600,0,active_addresses;balance_addresses;transactions;transfers;supply;issuance;price;mvrv;market_cap;realized_cap;realized_price;nupl,2212,5
UNI,upbit,KRW,1h,2160,1783778400,1791550800,0,active_addresses;balance_addresses;transactions;transfers;supply;issuance;price;mvrv;market_cap;realized_cap;realized_price;nupl,2212,5
UNI,binance,USDT,1d,2213,1600300800,1791417600,0,active_addresses;balance_addresses;transactions;transfers;supply;issuance;price;mvrv;market_cap;realized_cap;realized_price;nupl,2212,5
UNI,binance,USDT,1h,2160,1783778400,1791550800,0,active_addresses;balance_addresses;transactions;transfers;supply;issuance;price;mvrv;market_cap;realized_cap;realized_price;nupl,2212,5
AVAX,upbit,KRW,1d,1704,1644278400,1791417600,0,,2207,5
AVAX,upbit,KRW,1h,2160,1783778400,1791550800,0,,2207,5
AVAX,binance,USDT,1d,2208,1600732800,1791417600,0,,2207,5
AVAX,binance,USDT,1h,2160,1783778400,1791550800,0,,2207,5
HBAR,upbit,KRW,1d,2579,1568678400,1791417600,0,,2578,5
HBAR,upbit,KRW,1h,2160,1783778400,1791550800,0,,2578,5
HBAR,binance,USDT,1d,2567,1569715200,1791417600,0,,2578,5
HBAR,binance,USDT,1h,2160,1783778400,1791550800,0,,2578,5
SUI,upbit,KRW,1d,1254,1683158400,1791417600,0,,1149,5
SUI,upbit,KRW,1h,2160,1783778400,1791550800,0,,1149,5
SUI,binance,USDT,1d,1255,1683072000,1791417600,0,,1149,5
SUI,binance,USDT,1h,2160,1783778400,1791550800,0,,1149,5
SHIB,upbit,KRW,1d,1360,1674000000,1791417600,0,active_addresses;balance_addresses;transactions;transfers;supply;issuance;price;mvrv;market_cap;realized_cap;realized_price;nupl,1977,5
SHIB,upbit,KRW,1h,2160,1783778400,1791550800,0,active_addresses;balance_addresses;transactions;transfers;supply;issuance;price;mvrv;market_cap;realized_cap;realized_price;nupl,1977,5
SHIB,binance,USDT,1d,1978,1620604800,1791417600,0,active_addresses;balance_addresses;transactions;transfers;supply;issuance;price;mvrv;market_cap;realized_cap;realized_price;nupl,1977,5
SHIB,binance,USDT,1h,2160,1783778400,1791550800,0,active_addresses;balance_addresses;transactions;transfers;supply;issuance;price;mvrv;market_cap;realized_cap;realized_price;nupl,1977,5
TAO,upbit,KRW,1d,235,1771200000,1791417600,0,,0,5
TAO,upbit,KRW,1h,2159,1783778400,1791550800,1,,0,5
TAO,binance,USDT,1d,911,1712793600,1791417600,0,,0,5
TAO,binance,USDT,1h,2160,1783778400,1791550800,0,,0,5
AAVE,upbit,KRW,1d,1808,1635292800,1791417600,0,active_addresses;transactions;transfers;issuance;balance_addresses;supply;price;mvrv;market_cap;realized_cap;realized_price;nupl,2190,5
AAVE,upbit,KRW,1h,2160,1783778400,1791550800,0,active_addresses;transactions;transfers;issuance;balance_addresses;supply;price;mvrv;market_cap;realized_cap;realized_price;nupl,2190,5
AAVE,binance,USDT,1d,2185,1602720000,1791417600,0,active_addresses;transactions;transfers;issuance;balance_addresses;supply;price;mvrv;market_cap;realized_cap;realized_price;nupl,2190,5
AAVE,binance,USDT,1h,2160,1783778400,1791550800,0,active_addresses;transactions;transfers;issuance;balance_addresses;supply;price;mvrv;market_cap;realized_cap;realized_price;nupl,2190,5
MNT,upbit,KRW,1d,926,1711497600,1791417600,0,,1149,5
MNT,upbit,KRW,1h,2090,1783778400,1791550800,70,,1149,5
DOT,upbit,KRW,1d,2195,1601856000,1791417600,0,,2241,5
DOT,upbit,KRW,1h,2159,1783778400,1791550800,1,,2241,5
DOT,binance,USDT,1d,2243,1597708800,1791417600,0,,2241,5
DOT,binance,USDT,1h,2160,1783778400,1791550800,0,,2241,5
ICP,upbit,KRW,1d,212,1773187200,1791417600,0,active_addresses;balance_addresses;transactions;transfers;supply;fees_native;blocks;issuance;price;mvrv;market_cap;realized_cap;realized_price;nupl,1977,5
ICP,upbit,KRW,1h,2128,1783778400,1791550800,32,active_addresses;balance_addresses;transactions;transfers;supply;fees_native;blocks;issuance;price;mvrv;market_cap;realized_cap;realized_price;nupl,1977,5
ICP,binance,USDT,1d,1977,1620691200,1791417600,0,active_addresses;balance_addresses;transactions;transfers;supply;fees_native;blocks;issuance;price;mvrv;market_cap;realized_cap;realized_price;nupl,1977,5
ICP,binance,USDT,1h,2160,1783778400,1791550800,0,active_addresses;balance_addresses;transactions;transfers;supply;fees_native;blocks;issuance;price;mvrv;market_cap;realized_cap;realized_price;nupl,1977,5
XAUT,upbit,KRW,1d,281,1767225600,1791417600,0,active_addresses;balance_addresses;transactions;transfers;supply;issuance;price;mvrv;market_cap;realized_cap;realized_price;nupl,2449,5
XAUT,upbit,KRW,1h,2128,1783778400,1791550800,32,active_addresses;balance_addresses;transactions;transfers;supply;issuance;price;mvrv;market_cap;realized_cap;realized_price;nupl,2449,5
XAUT,binance,USDT,1d,197,1774483200,1791417600,0,active_addresses;balance_addresses;transactions;transfers;supply;issuance;price;mvrv;market_cap;realized_cap;realized_price;nupl,2449,5
XAUT,binance,USDT,1h,2160,1783778400,1791550800,0,active_addresses;balance_addresses;transactions;transfers;supply;issuance;price;mvrv;market_cap;realized_cap;realized_price;nupl,2449,5
ENA,upbit,KRW,1d,455,1752192000,1791417600,0,,904,5
ENA,upbit,KRW,1h,2160,1783778400,1791550800,0,,904,5
ENA,binance,USDT,1d,920,1712016000,1791417600,0,,904,5
ENA,binance,USDT,1h,2160,1783778400,1791550800,0,,904,5
JST,upbit,KRW,1d,2247,1597363200,1791417600,0,,2250,5
JST,upbit,KRW,1h,2089,1783778400,1791550800,71,,2250,5
JST,binance,USDT,1d,2250,1597104000,1791417600,0,,2250,5
JST,binance,USDT,1h,2160,1783778400,1791550800,0,,2250,5
WLFI,upbit,KRW,1d,403,1756684800,1791417600,0,,403,5
WLFI,upbit,KRW,1h,2158,1783778400,1791550800,2,,403,5
WLFI,binance,USDT,1d,403,1756684800,1791417600,0,,403,5
WLFI,binance,USDT,1h,2160,1783778400,1791550800,0,,403,5
ETC,upbit,KRW,1d,3298,1506297600,1791417600,3,active_addresses;balance_addresses;transactions;transfers;supply;fees_native;hashrate;blocks;issuance;price;mvrv;market_cap;realized_cap;realized_price;nupl,3728,5
ETC,upbit,KRW,1h,2160,1783778400,1791550800,0,active_addresses;balance_addresses;transactions;transfers;supply;fees_native;hashrate;blocks;issuance;price;mvrv;market_cap;realized_cap;realized_price;nupl,3728,5
ETC,binance,USDT,1d,3041,1528761600,1791417600,0,active_addresses;balance_addresses;transactions;transfers;supply;fees_native;hashrate;blocks;issuance;price;mvrv;market_cap;realized_cap;realized_price;nupl,3728,5
ETC,binance,USDT,1h,2160,1783778400,1791550800,0,active_addresses;balance_addresses;transactions;transfers;supply;fees_native;hashrate;blocks;issuance;price;mvrv;market_cap;realized_cap;realized_price;nupl,3728,5
ALGO,upbit,KRW,1d,1786,1637193600,1791417600,0,active_addresses;balance_addresses;transactions;transfers;supply;fees_native;blocks;issuance;price;mvrv;market_cap;realized_cap;realized_price;nupl,2666,5
ALGO,upbit,KRW,1h,2156,1783778400,1791550800,4,active_addresses;balance_addresses;transactions;transfers;supply;fees_native;blocks;issuance;price;mvrv;market_cap;realized_cap;realized_price;nupl,2666,5
ALGO,binance,USDT,1d,2666,1561161600,1791417600,0,active_addresses;balance_addresses;transactions;transfers;supply;fees_native;blocks;issuance;price;mvrv;market_cap;realized_cap;realized_price;nupl,2666,5
ALGO,binance,USDT,1h,2160,1783778400,1791550800,0,active_addresses;balance_addresses;transactions;transfers;supply;fees_native;blocks;issuance;price;mvrv;market_cap;realized_cap;realized_price;nupl,2666,5
WLD,upbit,KRW,1d,395,1757376000,1791417600,0,,1173,5
WLD,upbit,KRW,1h,2160,1783778400,1791550800,0,,1173,5
WLD,binance,USDT,1d,1173,1690156800,1791417600,0,,1173,5
WLD,binance,USDT,1h,2160,1783778400,1791550800,0,,1173,5
RENDER,upbit,KRW,1d,673,1733356800,1791417600,0,,844,5
RENDER,upbit,KRW,1h,2157,1783778400,1791550800,3,,844,5
RENDER,binance,USDT,1d,805,1721952000,1791417600,0,,844,5
RENDER,binance,USDT,1h,2160,1783778400,1791550800,0,,844,5
ARB,upbit,KRW,1d,1289,1680134400,1791417600,0,,1296,5
ARB,upbit,KRW,1h,2158,1783778400,1791550800,2,,1296,5
ARB,binance,USDT,1d,1296,1679529600,1791417600,0,,1296,5
ARB,binance,USDT,1h,2160,1783778400,1791550800,0,,1296,5
ATOM,upbit,KRW,1d,2716,1556841600,1791417600,0,,2726,5
ATOM,upbit,KRW,1h,2157,1783778400,1791550800,3,,2726,5
ATOM,binance,USDT,1d,2720,1556496000,1791417600,0,,2726,5
ATOM,binance,USDT,1h,2160,1783778400,1791550800,0,,2726,5
VVV,upbit,KRW,1d,150,1778544000,1791417600,0,,560,5
VVV,upbit,KRW,1h,2152,1783778400,1791550800,8,,560,5
MORPHO,upbit,KRW,1d,76,1784937600,1791417600,0,,665,5
MORPHO,upbit,KRW,1h,1778,1784970000,1791550800,51,,665,5
MORPHO,binance,USDT,1d,371,1759449600,1791417600,0,,665,5
MORPHO,binance,USDT,1h,2160,1783778400,1791550800,0,,665,5
FIL,upbit,KRW,1d,553,1743724800,1791417600,0,,2184,5
FIL,upbit,KRW,1h,2157,1783778400,1791550800,3,,2184,5
FIL,binance,USDT,1d,2185,1602720000,1791417600,0,,2184,5
FIL,binance,USDT,1h,2160,1783778400,1791550800,0,,2184,5
AERO,upbit,KRW,1d,413,1755820800,1791417600,0,,904,5
AERO,upbit,KRW,1h,2117,1783778400,1791550800,43,,904,5
AERO,binance,USDT,1d,84,1784246400,1791417600,0,,904,5
AERO,binance,USDT,1h,2014,1784304000,1791550800,0,,904,5
STX,upbit,KRW,1d,2013,1617580800,1791417600,0,,2534,5
STX,upbit,KRW,1h,2158,1783778400,1791550800,2,,2534,5
STX,binance,USDT,1d,2541,1571961600,1791417600,0,,2534,5
STX,binance,USDT,1h,2160,1783778400,1791550800,0,,2534,5
INJ,upbit,KRW,1d,722,1729123200,1791417600,0,,2178,5
INJ,upbit,KRW,1h,2155,1783778400,1791550800,5,,2178,5
INJ,binance,USDT,1d,2179,1603238400,1791417600,0,,2178,5
INJ,binance,USDT,1h,2160,1783778400,1791550800,0,,2178,5
VET,upbit,KRW,1d,2376,1586217600,1791417600,0,,3009,5
VET,upbit,KRW,1h,2149,1783778400,1791550800,11,,3009,5
VET,binance,USDT,1d,2998,1532476800,1791417600,0,,3009,5
VET,binance,USDT,1h,2160,1783778400,1791550800,0,,3009,5
RAY,upbit,KRW,1d,477,1750291200,1791417600,0,,2055,0
RAY,upbit,KRW,1h,2067,1783778400,1791550800,93,,2055,0
RAY,binance,USDT,1d,1886,1628553600,1791417600,0,,2055,0
RAY,binance,USDT,1h,2160,1783778400,1791550800,0,,2055,0
CRO,upbit,KRW,1d,2240,1597968000,1791417600,0,active_addresses;balance_addresses;transactions;transfers;supply;issuance;price;mvrv;market_cap;realized_cap;realized_price;nupl,2760,5
CRO,upbit,KRW,1h,2151,1783778400,1791550800,9,active_addresses;balance_addresses;transactions;transfers;supply;issuance;price;mvrv;market_cap;realized_cap;realized_price;nupl,2760,5
APT,upbit,KRW,1d,1451,1666137600,1791417600,0,,1457,5
APT,upbit,KRW,1h,2159,1783778400,1791550800,1,,1457,5
APT,binance,USDT,1d,1451,1666137600,1791417600,0,,1457,5
APT,binance,USDT,1h,2160,1783778400,1791550800,0,,1457,5
ZRO,upbit,KRW,1d,841,1718841600,1791417600,0,,836,5
ZRO,upbit,KRW,1h,2156,1783778400,1791550800,4,,836,5
ZRO,binance,USDT,1d,841,1718841600,1791417600,0,,836,5
ZRO,binance,USDT,1h,2160,1783778400,1791550800,0,,836,5
PYTH,upbit,KRW,1d,955,1708992000,1791417600,0,,1054,5
PYTH,upbit,KRW,1h,2157,1783778400,1791550800,3,,1054,5
PYTH,binance,USDT,1d,980,1706832000,1791417600,0,,1054,5
PYTH,binance,USDT,1h,2160,1783778400,1791550800,0,,1054,5
CRV,upbit,KRW,1d,49,1787270400,1791417600,0,active_addresses;balance_addresses;transactions;transfers;supply;issuance;price;mvrv;market_cap;realized_cap;realized_price;nupl,2246,5
CRV,upbit,KRW,1h,1177,1787284800,1791550800,9,active_addresses;balance_addresses;transactions;transfers;supply;issuance;price;mvrv;market_cap;realized_cap;realized_price;nupl,2246,5
CRV,binance,USDT,1d,2246,1597449600,1791417600,0,active_addresses;balance_addresses;transactions;transfers;supply;issuance;price;mvrv;market_cap;realized_cap;realized_price;nupl,2246,5
CRV,binance,USDT,1h,2160,1783778400,1791550800,0,active_addresses;balance_addresses;transactions;transfers;supply;issuance;price;mvrv;market_cap;realized_cap;realized_price;nupl,2246,5
VIRTUAL,upbit,KRW,1d,616,1738281600,1791417600,0,,665,5
VIRTUAL,upbit,KRW,1h,2160,1783778400,1791550800,0,,665,5
VIRTUAL,binance,USDT,1d,546,1744329600,1791417600,0,,665,5
VIRTUAL,binance,USDT,1h,2160,1783778400,1791550800,0,,665,5
SEI,upbit,KRW,1d,1150,1692144000,1791417600,0,,1149,5
SEI,upbit,KRW,1h,2158,1783778400,1791550800,2,,1149,5
SEI,binance,USDT,1d,1151,1692057600,1791417600,0,,1149,5
SEI,binance,USDT,1h,2160,1783778400,1791550800,0,,1149,5
TIA,upbit,KRW,1d,519,1746662400,1791417600,0,,1074,5
TIA,upbit,KRW,1h,2116,1783778400,1791550800,44,,1074,5
TIA,binance,USDT,1d,1074,1698710400,1791417600,0,,1074,5
TIA,binance,USDT,1h,2160,1783778400,1791550800,0,,1074,5
DRV,upbit,KRW,1d,87,1783987200,1791417600,0,,0,0
DRV,upbit,KRW,1h,2070,1784016000,1791550800,24,,0,0
PENDLE,upbit,KRW,1d,794,1722902400,1791417600,0,,1808,5
PENDLE,upbit,KRW,1h,2145,1783778400,1791550800,15,,1808,5
PENDLE,binance,USDT,1d,1194,1688342400,1791417600,0,,1808,5
PENDLE,binance,USDT,1h,2160,1783778400,1791550800,0,,1808,5
ETHFI,upbit,KRW,1d,204,1773878400,1791417600,0,,904,5
ETHFI,upbit,KRW,1h,2152,1783778400,1791550800,8,,904,5
ETHFI,binance,USDT,1d,935,1710720000,1791417600,0,,904,5
ETHFI,binance,USDT,1h,2160,1783778400,1791550800,0,,904,5
SPX,upbit,KRW,1d,115,1781568000,1791417600,0,,700,5
SPX,upbit,KRW,1h,2050,1783778400,1791550800,110,,700,5
KAIA,upbit,KRW,1d,0,,,0,,700,5
KAIA,upbit,KRW,1h,6,1791536400,1791554400,0,,700,5
KAIA,binance,USDT,1d,708,1730332800,1791417600,0,,700,5
KAIA,binance,USDT,1h,2160,1783782000,1791554400,0,,700,5
XTZ,upbit,KRW,1d,2257,1596499200,1791417600,0,,3023,5
XTZ,upbit,KRW,1h,2114,1783778400,1791550800,46,,3023,5
XTZ,binance,USDT,1d,2572,1569283200,1791417600,0,,3023,5
XTZ,binance,USDT,1h,2160,1783778400,1791550800,0,,3023,5
GRT,upbit,KRW,1d,1226,1685577600,1791417600,0,,2121,5
GRT,upbit,KRW,1h,2143,1783778400,1791550800,17,,2121,5
GRT,binance,USDT,1d,2122,1608163200,1791417600,0,,2121,5
GRT,binance,USDT,1h,2160,1783778400,1791550800,0,,2121,5
SYRUP,upbit,KRW,1d,441,1753401600,1791417600,0,,623,5
SYRUP,upbit,KRW,1h,2047,1783778400,1791550800,113,,623,5
SYRUP,binance,USDT,1d,521,1746489600,1791417600,0,,623,5
SYRUP,binance,USDT,1h,2160,1783778400,1791550800,0,,623,5
CFX,upbit,KRW,1d,70,1785456000,1791417600,0,,2157,5
CFX,upbit,KRW,1h,1575,1785488400,1791550800,110,,2157,5
CFX,binance,USDT,1d,2020,1616976000,1791417600,0,,2157,5
CFX,binance,USDT,1h,2160,1783778400,1791550800,0,,2157,5
ENS,upbit,KRW,1d,822,1720483200,1791417600,0,,1794,5
ENS,upbit,KRW,1h,2160,1783778400,1791550800,0,,1794,5
ENS,binance,USDT,1d,1794,1636502400,1791417600,0,,1794,5
ENS,binance,USDT,1h,2160,1783778400,1791550800,0,,1794,5
COMP,upbit,KRW,1d,556,1743465600,1791417600,0,active_addresses;balance_addresses;transactions;transfers;supply;issuance;price;mvrv;market_cap;realized_cap;realized_price;nupl,2304,5
COMP,upbit,KRW,1h,1995,1783778400,1791550800,165,active_addresses;balance_addresses;transactions;transfers;supply;issuance;price;mvrv;market_cap;realized_cap;realized_price;nupl,2304,5
COMP,binance,USDT,1d,2297,1593043200,1791417600,0,active_addresses;balance_addresses;transactions;transfers;supply;issuance;price;mvrv;market_cap;realized_cap;realized_price;nupl,2304,5
COMP,binance,USDT,1h,2160,1783778400,1791550800,0,active_addresses;balance_addresses;transactions;transfers;supply;issuance;price;mvrv;market_cap;realized_cap;realized_price;nupl,2304,5
OP,upbit,KRW,1d,438,1753660800,1791417600,0,,1570,5
OP,upbit,KRW,1h,2112,1783778400,1791550800,48,,1570,5
OP,binance,USDT,1d,1591,1654041600,1791417600,0,,1570,5
OP,binance,USDT,1h,2160,1783778400,1791550800,0,,1570,5
THETA,upbit,KRW,1d,2870,1543536000,1791417600,0,,3187,5
THETA,upbit,KRW,1h,2091,1783778400,1791550800,69,,3187,5
THETA,binance,USDT,1d,2739,1554854400,1791417600,0,,3187,5
THETA,binance,USDT,1h,2160,1783778400,1791550800,0,,3187,5
WIF,upbit,KRW,1d,156,1778025600,1791417600,0,,1025,5
WIF,upbit,KRW,1h,1870,1783778400,1791543600,288,,1025,5
WIF,binance,USDT,1d,948,1709596800,1791417600,0,,1025,5
WIF,binance,USDT,1h,2160,1783778400,1791550800,0,,1025,5
TRAC,upbit,KRW,1d,144,1779062400,1791417600,0,,3178,0
TRAC,upbit,KRW,1h,2135,1783778400,1791550800,25,,3178,0
AKT,upbit,KRW,1d,899,1713830400,1791417600,0,,2037,5
AKT,upbit,KRW,1h,2158,1783778400,1791550800,2,,2037,5
JTO,upbit,KRW,1d,595,1740096000,1791417600,0,,1037,5
JTO,upbit,KRW,1h,2160,1783778400,1791550800,0,,1037,5
JTO,binance,USDT,1d,1037,1701907200,1791417600,0,,1037,5
JTO,binance,USDT,1h,2160,1783778400,1791550800,0,,1037,5
AXS,upbit,KRW,1d,2013,1617580800,1791417600,0,,2164,5
AXS,upbit,KRW,1h,2160,1783778400,1791550800,0,,2164,5
AXS,binance,USDT,1d,2165,1604448000,1791417600,0,,2164,5
AXS,binance,USDT,1h,2160,1783778400,1791550800,0,,2164,5
MANA,upbit,KRW,1d,2752,1553731200,1791417600,0,active_addresses;balance_addresses;transactions;transfers;supply;issuance;price;market_cap;mvrv;realized_cap;realized_price;nupl,3332,5
MANA,upbit,KRW,1h,2133,1783778400,1791550800,27,active_addresses;balance_addresses;transactions;transfers;supply;issuance;price;market_cap;mvrv;realized_cap;realized_price;nupl,3332,5
MANA,binance,USDT,1d,2255,1596672000,1791417600,0,active_addresses;balance_addresses;transactions;transfers;supply;issuance;price;market_cap;mvrv;realized_cap;realized_price;nupl,3332,5
MANA,binance,USDT,1h,2160,1783778400,1791550800,0,active_addresses;balance_addresses;transactions;transfers;supply;issuance;price;market_cap;mvrv;realized_cap;realized_price;nupl,3332,5
SAND,upbit,KRW,1d,2087,1611187200,1791417600,0,,2246,5
SAND,upbit,KRW,1h,2160,1783778400,1791550800,0,,2246,5
SAND,binance,USDT,1d,2247,1597363200,1791417600,0,,2246,5
SAND,binance,USDT,1h,2160,1783778400,1791550800,0,,2246,5
BAT,upbit,KRW,1d,3000,1532304000,1791417600,0,active_addresses;balance_addresses;transactions;transfers;supply;issuance;price;mvrv;market_cap;realized_cap;realized_price;nupl,3290,5
BAT,upbit,KRW,1h,2095,1783778400,1791550800,65,active_addresses;balance_addresses;transactions;transfers;supply;issuance;price;mvrv;market_cap;realized_cap;realized_price;nupl,3290,5
BAT,binance,USDT,1d,2776,1551657600,1791417600,0,active_addresses;balance_addresses;transactions;transfers;supply;issuance;price;mvrv;market_cap;realized_cap;realized_price;nupl,3290,5
BAT,binance,USDT,1h,2160,1783778400,1791550800,0,active_addresses;balance_addresses;transactions;transfers;supply;issuance;price;mvrv;market_cap;realized_cap;realized_price;nupl,3290,5
NEO,upbit,KRW,1d,3298,1506297600,1791417600,3,,3373,5
NEO,upbit,KRW,1h,2151,1783778400,1791550800,9,,3373,5
NEO,binance,USDT,1d,3245,1511136000,1791417600,0,,3373,5
NEO,binance,USDT,1h,2160,1783778400,1791550800,0,,3373,5
A,upbit,KRW,1d,3123,1521676800,1791417600,0,,494,5
A,upbit,KRW,1h,2143,1783778400,1791550800,17,,494,5
A,binance,USDT,1d,499,1748390400,1791417600,0,,494,5
A,binance,USDT,1h,2160,1783778400,1791550800,0,,494,5
CHZ,upbit,KRW,1d,2366,1587081600,1791417600,0,,2589,5
CHZ,upbit,KRW,1h,2156,1783778400,1791550800,4,,2589,5
CHZ,binance,USDT,1d,2590,1567728000,1791417600,0,,2589,5
CHZ,binance,USDT,1h,2160,1783778400,1791550800,0,,2589,5
XCN,upbit,KRW,1d,165,1777248000,1791417600,0,,1667,5
XCN,upbit,KRW,1h,2059,1783778400,1791550800,101,,1667,5
ORCA,upbit,KRW,1d,567,1742515200,1791417600,0,,1829,5
ORCA,upbit,KRW,1h,2143,1783778400,1791550800,17,,1829,5
ORCA,binance,USDT,1d,672,1733443200,1791417600,0,,1829,5
ORCA,binance,USDT,1h,2160,1783778400,1791550800,0,,1829,5
XEC,upbit,KRW,1d,2150,1605744000,1791417600,0,,1924,5
XEC,upbit,KRW,1h,2157,1783778400,1791550800,3,,1924,5
XEC,binance,USDT,1d,1862,1630627200,1791417600,0,,1924,5
XEC,binance,USDT,1h,2160,1783778400,1791550800,0,,1924,5
SUPER,upbit,KRW,1d,375,1759104000,1791417600,0,,2053,5
SUPER,upbit,KRW,1h,1934,1783778400,1791550800,226,,2053,5
SUPER,binance,USDT,1d,2024,1616630400,1791417600,0,,2053,5
SUPER,binance,USDT,1h,2160,1783778400,1791550800,0,,2053,5
BEAM,upbit,KRW,1d,861,1717113600,1791417600,0,,0,5
BEAM,upbit,KRW,1h,2089,1783778400,1791550800,71,,0,5
GLM,upbit,KRW,1d,3101,1523577600,1791417600,0,,2140,5
GLM,upbit,KRW,1h,2072,1783778400,1791550800,88,,2140,5
GLM,binance,USDT,1d,1302,1679011200,1791417600,0,,2140,5
GLM,binance,USDT,1h,2160,1783778400,1791550800,0,,2140,5
2Z,upbit,KRW,1d,372,1759363200,1791417600,0,,337,5
2Z,upbit,KRW,1h,2137,1783778400,1791550800,23,,337,5
2Z,binance,USDT,1d,372,1759363200,1791417600,0,,337,5
2Z,binance,USDT,1h,2161,1783778400,1791554400,0,,337,5
ZK,upbit,KRW,1d,276,1767657600,1791417600,0,,904,5
ZK,upbit,KRW,1h,2133,1783778400,1791554400,28,,904,5
ZK,binance,USDT,1d,844,1718582400,1791417600,0,,904,5
ZK,binance,USDT,1h,2161,1783778400,1791554400,0,,904,5
NMR,upbit,KRW,1d,3,1791244800,1791417600,0,,2850,5
NMR,upbit,KRW,1h,76,1791284400,1791554400,0,,2850,5
NMR,binance,USDT,1d,2242,1597795200,1791417600,0,,2850,5
NMR,binance,USDT,1h,2161,1783778400,1791554400,0,,2850,5
QTUM,upbit,KRW,1d,3298,1506297600,1791417600,3,,3360,5
QTUM,upbit,KRW,1h,2149,1783778400,1791554400,12,,3360,5
QTUM,binance,USDT,1d,3126,1521417600,1791417600,0,,3360,5
QTUM,binance,USDT,1h,2161,1783778400,1791554400,0,,3360,5
KMNO,upbit,KRW,1d,63,1786060800,1791417600,0,,807,5
KMNO,upbit,KRW,1h,1453,1786096800,1791554400,64,,807,5
KMNO,binance,USDT,1d,521,1746489600,1791417600,0,,807,5
KMNO,binance,USDT,1h,2161,1783778400,1791554400,0,,807,5
GEOD,upbit,KRW,1d,74,1785110400,1791417600,0,,0,0
GEOD,upbit,KRW,1h,1767,1785142800,1791554400,15,,0,0
GAS,upbit,KRW,1d,2933,1538092800,1791417600,0,,3349,5
GAS,upbit,KRW,1h,2158,1783778400,1791554400,3,,3349,5
GAS,binance,USDT,1d,1302,1679011200,1791417600,0,,3349,5
GAS,binance,USDT,1h,2161,1783778400,1791554400,0,,3349,5
W,upbit,KRW,1d,737,1727827200,1791417600,0,,904,5
W,upbit,KRW,1h,2131,1783778400,1791554400,30,,904,5
W,binance,USDT,1d,919,1712102400,1791417600,0,,904,5
W,binance,USDT,1h,2161,1783778400,1791554400,0,,904,5
ATH,upbit,KRW,1d,786,1723593600,1791417600,0,,807,5
ATH,upbit,KRW,1h,2160,1783778400,1791554400,1,,807,5
CFG,upbit,KRW,1d,225,1772064000,1791417600,0,,0,5
CFG,upbit,KRW,1h,2153,1783778400,1791554400,8,,0,5
CFG,binance,USDT,1d,207,1773619200,1791417600,0,,0,5
CFG,binance,USDT,1h,2161,1783778400,1791554400,0,,0,5
LPT,upbit,KRW,1d,497,1748563200,1791417600,0,active_addresses;balance_addresses;transactions;transfers;supply;issuance;price;mvrv;market_cap;realized_cap;realized_price;nupl,2850,5
LPT,upbit,KRW,1h,2085,1783778400,1791554400,76,active_addresses;balance_addresses;transactions;transfers;supply;issuance;price;mvrv;market_cap;realized_cap;realized_price;nupl,2850,5
LPT,binance,USDT,1d,1960,1622160000,1791417600,0,active_addresses;balance_addresses;transactions;transfers;supply;issuance;price;mvrv;market_cap;realized_cap;realized_price;nupl,2850,5
LPT,binance,USDT,1h,2161,1783778400,1791554400,0,active_addresses;balance_addresses;transactions;transfers;supply;issuance;price;mvrv;market_cap;realized_cap;realized_price;nupl,2850,5
KAVA,upbit,KRW,1d,2269,1595462400,1791417600,0,,2540,5
KAVA,upbit,KRW,1h,2059,1783778400,1791554400,102,,2540,5
KAVA,binance,USDT,1d,2541,1571961600,1791417600,0,,2540,5
KAVA,binance,USDT,1h,2161,1783778400,1791554400,0,,2540,5
KAITO,upbit,KRW,1d,583,1741132800,1791417600,0,,560,5
KAITO,upbit,KRW,1h,2161,1783778400,1791554400,0,,560,5
KAITO,binance,USDT,1d,596,1740009600,1791417600,0,,560,5
KAITO,binance,USDT,1h,2161,1783778400,1791554400,0,,560,5
COW,upbit,KRW,1d,591,1740441600,1791417600,0,,700,5
COW,upbit,KRW,1h,1971,1783778400,1791554400,190,,700,5
COW,binance,USDT,1d,702,1730851200,1791417600,0,,700,5
COW,binance,USDT,1h,2161,1783778400,1791554400,0,,700,5
TFUEL,upbit,KRW,1d,2758,1553212800,1791417600,0,,2666,0
TFUEL,upbit,KRW,1h,2047,1783778400,1791554400,114,,2666,0
TFUEL,binance,USDT,1d,2695,1558656000,1791417600,0,,2666,0
TFUEL,binance,USDT,1h,2161,1783778400,1791554400,0,,2666,0
SAFE,upbit,KRW,1d,715,1729728000,1791417600,0,,844,5
SAFE,upbit,KRW,1h,2105,1783778400,1791554400,56,,844,5
ZIL,upbit,KRW,1d,3074,1525910400,1791417600,0,,3177,5
ZIL,upbit,KRW,1h,2155,1783778400,1791554400,6,,3177,5
ZIL,binance,USDT,1d,2789,1550534400,1791417600,0,,3177,5
ZIL,binance,USDT,1h,2161,1783778400,1791554400,0,,3177,5
VTHO,upbit,KRW,1d,626,1737417600,1791417600,0,,2666,0
VTHO,upbit,KRW,1h,2096,1783778400,1791554400,65,,2666,0
VTHO,binance,USDT,1d,2275,1594944000,1791417600,0,,2666,0
VTHO,binance,USDT,1h,2161,1783778400,1791554400,0,,2666,0
CKB,upbit,KRW,1d,756,1726185600,1791417600,0,,2517,5
CKB,upbit,KRW,1h,2077,1783778400,1791554400,84,,2517,5
CKB,binance,USDT,1d,2082,1611619200,1791417600,0,,2517,5
CKB,binance,USDT,1h,2161,1783778400,1791554400,0,,2517,5
ARKM,upbit,KRW,1d,577,1741651200,1791417600,0,,1179,5
ARKM,upbit,KRW,1h,2049,1783778400,1791554400,112,,1179,5
ARKM,binance,USDT,1d,1179,1689638400,1791417600,0,,1179,5
ARKM,binance,USDT,1h,2161,1783778400,1791554400,0,,1179,5
BNB,binance,USDT,1d,3259,1509926400,1791417600,0,,3373,5
BNB,binance,USDT,1h,2161,1783778400,1791554400,0,,3373,5
HYPE,binance,USDT,1d,15,1790208000,1791417600,0,,665,5
HYPE,binance,USDT,1h,364,1790247600,1791554400,0,,665,5
ZEC,binance,USDT,1d,2759,1553126400,1791417600,0,active_addresses;balance_addresses;transactions;transfers;supply;fees_native;hashrate;blocks;issuance;price;mvrv;market_cap;realized_cap;realized_price;nupl,3632,5
ZEC,binance,USDT,1h,2161,1783778400,1791554400,0,active_addresses;balance_addresses;transactions;transfers;supply;fees_native;hashrate;blocks;issuance;price;mvrv;market_cap;realized_cap;realized_price;nupl,3632,5
LTC,binance,USDT,1d,3222,1513123200,1791417600,0,active_addresses;balance_addresses;transactions;transfers;supply;fees_native;blocks;hashrate;issuance;price;mvrv;market_cap;realized_cap;realized_price;nupl,4939,5
LTC,binance,USDT,1h,2161,1783778400,1791554400,0,active_addresses;balance_addresses;transactions;transfers;supply;fees_native;blocks;hashrate;issuance;price;mvrv;market_cap;realized_cap;realized_price;nupl,4939,5
QNT,binance,USDT,1d,1898,1627516800,1791417600,0,active_addresses;balance_addresses;transactions;transfers;supply;issuance;price;mvrv;market_cap;realized_cap;realized_price;nupl,2764,5
QNT,binance,USDT,1h,2161,1783778400,1791554400,0,active_addresses;balance_addresses;transactions;transfers;supply;issuance;price;mvrv;market_cap;realized_cap;realized_price;nupl,2764,5
PAXG,binance,USDT,1d,2233,1598572800,1791417600,0,active_addresses;balance_addresses;transactions;transfers;supply;issuance;price;mvrv;market_cap;realized_cap;realized_price;nupl,2428,5
PAXG,binance,USDT,1h,2161,1783778400,1791554400,0,active_addresses;balance_addresses;transactions;transfers;supply;issuance;price;mvrv;market_cap;realized_cap;realized_price;nupl,2428,5
ASTER,binance,USDT,1d,368,1759708800,1791417600,0,,378,5
ASTER,binance,USDT,1h,2161,1783778400,1791554400,0,,378,5
CAKE,binance,USDT,1d,2058,1613692800,1791417600,0,,2058,5
CAKE,binance,USDT,1h,2161,1783778400,1791554400,0,,2058,5
DASH,binance,USDT,1d,2752,1553731200,1791417600,0,active_addresses;balance_addresses;transactions;transfers;supply;hashrate;blocks;issuance;price;mvrv;market_cap;realized_cap;realized_price;nupl,4626,5
DASH,binance,USDT,1h,2161,1783778400,1791554400,0,active_addresses;balance_addresses;transactions;transfers;supply;hashrate;blocks;issuance;price;mvrv;market_cap;realized_cap;realized_price;nupl,4626,5
FET,binance,USDT,1d,2780,1551312000,1791417600,0,,2779,0
FET,binance,USDT,1h,2161,1783778400,1791554400,0,,2779,0
NEXO,binance,USDT,1d,1624,1651190400,1791417600,0,,2666,0
NEXO,binance,USDT,1h,2161,1783778400,1791554400,0,,2666,0
LDO,binance,USDT,1d,1614,1652054400,1791417600,0,active_addresses;balance_addresses;transactions;transfers;supply;issuance;price;mvrv;market_cap;realized_cap;realized_price;nupl,1854,5
LDO,binance,USDT,1h,2161,1783778400,1791554400,0,active_addresses;balance_addresses;transactions;transfers;supply;issuance;price;mvrv;market_cap;realized_cap;realized_price;nupl,1854,5
GNO,binance,USDT,1d,1866,1630281600,1791417600,0,active_addresses;balance_addresses;transactions;transfers;supply;issuance;price;mvrv;market_cap;realized_cap;realized_price;nupl,3447,0
GNO,binance,USDT,1h,2161,1783778400,1791554400,0,active_addresses;balance_addresses;transactions;transfers;supply;issuance;price;mvrv;market_cap;realized_cap;realized_price;nupl,3447,0
DCR,binance,USDT,1d,2262,1596067200,1791417600,0,active_addresses;balance_addresses;transactions;transfers;supply;blocks;price;mvrv;market_cap;realized_cap;realized_price;nupl,3797,0
DCR,binance,USDT,1h,2161,1783778400,1791554400,0,active_addresses;balance_addresses;transactions;transfers;supply;blocks;price;mvrv;market_cap;realized_cap;realized_price;nupl,3797,0
STRK,binance,USDT,1d,962,1708387200,1791417600,0,,1423,5
STRK,binance,USDT,1h,2161,1783778400,1791554400,0,,1423,5
LUNC,binance,USDT,1d,1491,1662681600,1791417600,0,,0,5
LUNC,binance,USDT,1h,2161,1783778400,1791554400,0,,0,5
AR,binance,USDT,1d,1974,1620950400,1791417600,0,,2264,5
AR,binance,USDT,1h,2161,1783778400,1791554400,0,,2264,5
BONK,binance,USDT,1d,1029,1702598400,1791417600,0,,1375,5
BONK,binance,USDT,1h,2161,1783778400,1791554400,0,,1375,5
FLOKI,binance,USDT,1d,1253,1683244800,1791417600,0,,1725,5
FLOKI,binance,USDT,1h,2161,1783778400,1791554400,0,,1725,5
RUNE,binance,USDT,1d,2226,1599177600,1791417600,0,,1970,5
RUNE,binance,USDT,1h,2161,1783778400,1791554400,0,,1970,5
JASMY,binance,USDT,1d,1782,1637539200,1791417600,0,,2060,5
JASMY,binance,USDT,1h,2161,1783778400,1791554400,0,,2060,5
TWT,binance,USDT,1d,2081,1611705600,1791417600,0,,1570,5
TWT,binance,USDT,1h,2161,1783778400,1791554400,0,,1570,5
S,binance,USDT,1d,631,1736985600,1791417600,0,,623,5
S,binance,USDT,1h,2161,1783778400,1791554400,0,,623,5
CVX,binance,USDT,1d,1751,1640217600,1791417600,0,,1954,5
CVX,binance,USDT,1h,2161,1783778400,1791554400,0,,1954,5
SFP,binance,USDT,1d,2069,1612742400,1791417600,0,,2069,0
SFP,binance,USDT,1h,2161,1783778400,1791554400,0,,2069,0
ZEN,binance,USDT,1d,2286,1593993600,1791417600,0,,2666,5
ZEN,binance,USDT,1h,2161,1783778400,1791554400,0,,2666,5
APE,binance,USDT,1d,1667,1647475200,1791417600,0,,1659,5
APE,binance,USDT,1h,2161,1783778400,1791554400,0,,1659,5
DYDX,binance,USDT,1d,1856,1631145600,1791417600,0,,1856,5
DYDX,binance,USDT,1h,2161,1783778400,1791554400,0,,1856,5
DEXE,binance,USDT,1d,1904,1626998400,1791417600,0,,2087,5
DEXE,binance,USDT,1h,2161,1783778400,1791554400,0,,2087,5
GALA,binance,USDT,1d,1852,1631491200,1791417600,0,,1883,5
GALA,binance,USDT,1h,2161,1783778400,1791554400,0,,1883,5
RSR,binance,USDT,1d,2234,1598486400,1791417600,0,,2641,5
RSR,binance,USDT,1h,2161,1783778400,1791554400,0,,2641,5
RLC,binance,USDT,1d,2521,1573689600,1791417600,0,,3458,5
RLC,binance,USDT,1h,2161,1783778400,1791554400,0,,3458,5
ORDI,binance,USDT,1d,1067,1699315200,1791417600,0,,1250,5
ORDI,binance,USDT,1h,2161,1783778400,1791554400,0,,1250,5
GMX,binance,USDT,1d,1465,1664928000,1791417600,0,,1675,5
GMX,binance,USDT,1h,2161,1783778400,1791554400,0,,1675,5
KSM,binance,USDT,1d,2226,1599177600,1791417600,0,,2309,5
KSM,binance,USDT,1h,2161,1783778400,1791554400,0,,2309,5
FTT,binance,USDT,1d,2175,1576800000,1791417600,310,active_addresses;balance_addresses;transactions;transfers;supply;issuance;price;mvrv;market_cap;realized_cap;realized_price;nupl,2607,0
FTT,binance,USDT,1h,2161,1783778400,1791554400,0,active_addresses;balance_addresses;transactions;transfers;supply;issuance;price;mvrv;market_cap;realized_cap;realized_price;nupl,2607,0
SNX,binance,USDT,1d,2283,1594252800,1791417600,0,active_addresses;balance_addresses;transactions;transfers;supply;issuance;price;mvrv;market_cap;realized_cap;realized_price;nupl,2374,5
SNX,binance,USDT,1h,2161,1783778400,1791554400,0,active_addresses;balance_addresses;transactions;transfers;supply;issuance;price;mvrv;market_cap;realized_cap;realized_price;nupl,2374,5
YFI,binance,USDT,1d,2251,1597017600,1791417600,0,active_addresses;balance_addresses;transactions;transfers;supply;issuance;price;mvrv;market_cap;realized_cap;realized_price;nupl,2267,5
YFI,binance,USDT,1h,2161,1783778400,1791554400,0,active_addresses;balance_addresses;transactions;transfers;supply;issuance;price;mvrv;market_cap;realized_cap;realized_price;nupl,2267,5
EIGEN,binance,USDT,1d,738,1727740800,1791417600,0,,738,5
EIGEN,binance,USDT,1h,2161,1783778400,1791554400,0,,738,5
MUBARAK,binance,USDT,1d,561,1743033600,1791417600,0,,513,5
MUBARAK,binance,USDT,1h,2161,1783778400,1791554400,0,,513,5
HUMA,binance,USDT,1d,501,1748217600,1791417600,0,,427,5
HUMA,binance,USDT,1h,2161,1783778400,1791554400,0,,427,5
BOME,binance,USDT,1d,937,1710547200,1791417600,0,,925,5
BOME,binance,USDT,1h,2161,1783778400,1791554400,0,,925,5
HOT,binance,USDT,1d,2790,1550448000,1791417600,0,,0,0
HOT,binance,USDT,1h,2161,1783778400,1791554400,0,,0,0
DGB,binance,USDT,1d,2272,1595203200,1791417600,0,active_addresses;balance_addresses;transactions;transfers;supply;fees_native;blocks;issuance;price;mvrv;market_cap;realized_cap;realized_price;nupl,4259,0
DGB,binance,USDT,1h,2161,1783778400,1791554400,0,active_addresses;balance_addresses;transactions;transfers;supply;fees_native;blocks;issuance;price;mvrv;market_cap;realized_cap;realized_price;nupl,4259,0
BANANAS31,binance,USDT,1d,561,1743033600,1791417600,0,,560,5
BANANAS31,binance,USDT,1h,2161,1783778400,1791554400,0,,560,5
0G,upbit,KRW,1d,382,1758499200,1791417600,0,,378,5
0G,upbit,KRW,1h,2161,1783778400,1791554400,0,,378,5
0G,binance,USDT,1d,382,1758499200,1791417600,0,,378,5
0G,binance,USDT,1h,2161,1783778400,1791554400,0,,378,5
ENJ,binance,USDT,1d,2731,1555545600,1791417600,0,,3263,5
ENJ,binance,USDT,1h,2161,1783778400,1791554400,0,,3263,5
ROSE,binance,USDT,1d,2150,1605744000,1791417600,0,,2149,5
ROSE,binance,USDT,1h,2161,1783778400,1791554400,0,,2149,5
ONT,upbit,KRW,1d,3081,1525305600,1791417600,0,,3136,5
ONT,upbit,KRW,1h,2145,1783778400,1791554400,16,,3136,5
ONT,binance,USDT,1d,3045,1528416000,1791417600,0,,3136,5
ONT,binance,USDT,1h,2161,1783778400,1791554400,0,,3136,5
ASTR,upbit,KRW,1d,1026,1702857600,1791417600,0,,1570,5
ASTR,upbit,KRW,1h,2106,1783778400,1791554400,55,,1570,5
ASTR,binance,USDT,1d,1684,1646006400,1791417600,0,,1570,5
ASTR,binance,USDT,1h,2161,1783778400,1791554400,0,,1570,5
