asset,name,oldest_provider,oldest_observation,band_starts,upbit_first,binance_first,usd_reference_first,missing_dates_oldest_source,verified_at
BTC,비트코인,reference,2010-07-18,2012-07-17,2017-09-25,2017-08-17,2010-07-18,0,2026-10-10T19:12:15.477959+00:00
DOGE,도지코인,reference,2014-01-23,2016-01-23,2021-02-24,2019-07-05,2014-01-23,0,2026-10-10T19:12:16.689772+00:00
ETH,이더리움,reference,2015-08-08,2017-08-07,2017-09-25,2017-08-17,2015-08-08,0,2026-10-10T19:12:17.195257+00:00
SOL,솔라나,reference,2020-04-10,2022-04-10,2021-10-15,2020-08-11,2020-04-10,0,2026-10-10T19:12:22.229762+00:00
XRP,리플,reference,2014-08-15,2016-08-14,2017-09-25,2018-05-04,2014-08-15,0,2026-10-10T19:12:24.393291+00:00
LINK,체인링크,reference,2017-09-29,2019-09-29,2020-08-04,2019-01-16,2017-09-29,0,2026-10-10T19:12:19.441889+00:00
ONDO,온도파이낸스,reference,2024-01-18,2026-01-17,2024-06-14,2025-04-11,2024-01-18,0,2026-10-10T19:12:20.296224+00:00
PEPE,페페,binance,2023-05-05,2025-05-04,2024-11-14,2023-05-05,2023-08-17,0,2026-10-10T19:11:18.953098+00:00
PENGU,펏지펭귄,binance,2024-12-17,,2025-05-09,2024-12-17,2025-01-24,0,2026-10-10T19:11:17.474439+00:00
TRX,트론,upbit,2018-04-05,2020-04-04,2018-04-05,2018-06-11,2018-06-25,0,2026-10-10T19:11:49.153931+00:00
ADA,에이다,upbit,2017-10-06,2019-10-24,2017-10-06,2018-04-17,2017-12-01,3,2026-10-10T19:09:48.685315+00:00
XLM,스텔라루멘,reference,2015-09-30,2017-09-29,2017-09-25,2018-05-31,2015-09-30,0,2026-10-10T19:12:24.252352+00:00
NEAR,니어프로토콜,binance,2020-10-14,2022-10-14,2021-12-15,2020-10-14,2020-10-15,0,2026-10-10T19:11:06.365959+00:00
BCH,비트코인캐시,reference,2017-08-01,2019-08-01,2017-09-25,2019-11-28,2017-08-01,0,2026-10-10T19:12:15.029927+00:00
UNI,유니스왑,binance,2020-09-17,2022-09-17,2024-10-22,2020-09-17,2020-09-18,0,2026-10-10T19:11:50.101705+00:00
AVAX,아발란체,binance,2020-09-22,2022-09-22,2022-02-08,2020-09-22,2020-09-23,0,2026-10-10T19:10:00.589779+00:00
HBAR,헤데라,upbit,2019-09-17,2021-09-16,2019-09-17,2019-09-29,2019-09-18,0,2026-10-10T19:10:45.224087+00:00
SUI,수이,binance,2023-05-03,2025-05-02,2023-05-04,2023-05-03,2023-08-17,0,2026-10-10T19:11:38.272681+00:00
SHIB,시바이누,binance,2021-05-10,2023-05-10,2023-01-18,2021-05-10,2021-05-11,0,2026-10-10T19:11:32.737996+00:00
TAO,비트텐서,binance,2024-04-11,2026-04-11,2026-02-16,2024-04-11,,0,2026-10-10T19:11:41.875051+00:00
AAVE,에이브,reference,2020-10-10,2022-10-10,2021-10-27,2020-10-15,2020-10-10,0,2026-10-10T19:12:13.511090+00:00
MNT,맨틀,reference,2023-08-17,2025-08-16,2024-03-27,,2023-08-17,0,2026-10-10T19:12:19.697832+00:00
DOT,폴카닷,binance,2020-08-18,2022-08-18,2020-10-05,2020-08-18,2020-08-20,0,2026-10-10T19:10:24.779066+00:00
ICP,인터넷컴퓨터,binance,2021-05-11,2023-05-11,2026-03-11,2021-05-11,2021-05-11,0,2026-10-10T19:10:46.882490+00:00
XAUT,테더골드,reference,2020-01-25,2022-01-24,2026-01-01,2026-03-26,2020-01-25,0,2026-10-10T19:12:24.072810+00:00
ENA,에테나,binance,2024-04-02,2026-04-02,2025-07-11,2024-04-02,2024-04-18,0,2026-10-10T19:10:28.274599+00:00
JST,저스트,binance,2020-08-11,2022-08-11,2020-08-14,2020-08-11,2020-08-11,0,2026-10-10T19:10:49.906632+00:00
WLFI,월드리버티파이낸셜,upbit,2025-09-01,,2025-09-01,2025-09-01,2025-09-01,0,2026-10-10T19:12:00.904685+00:00
ETC,이더리움클래식,reference,2016-07-25,2018-07-25,2017-09-25,2018-06-12,2016-07-25,0,2026-10-10T19:12:17.292464+00:00
ALGO,알고랜드,binance,2019-06-22,2021-06-21,2021-11-18,2019-06-22,2019-06-22,0,2026-10-10T19:09:50.855937+00:00
WLD,월드코인,binance,2023-07-24,2025-07-23,2025-09-09,2023-07-24,2023-07-24,0,2026-10-10T19:11:57.999148+00:00
RENDER,렌더토큰,reference,2024-06-17,2026-06-17,2024-12-05,2024-07-26,2024-06-17,0,2026-10-10T19:12:21.398259+00:00
ARB,아비트럼,binance,2023-03-23,2025-03-22,2023-03-30,2023-03-23,2023-03-23,0,2026-10-10T19:09:54.582716+00:00
ATOM,코스모스,reference,2019-04-23,2021-04-22,2019-05-03,2019-04-29,2019-04-23,0,2026-10-10T19:12:14.728935+00:00
VVV,베니스토큰,reference,2025-03-28,,2026-05-12,,2025-03-28,0,2026-10-10T19:12:23.581586+00:00
MORPHO,모포,reference,2024-12-13,,2026-07-25,2025-10-03,2024-12-13,0,2026-10-10T19:12:19.817208+00:00
FIL,파일코인,binance,2020-10-15,2022-10-15,2025-04-04,2020-10-15,2020-10-16,0,2026-10-10T19:10:35.600078+00:00
AERO,에어로드롬파이낸스,reference,2024-04-18,2026-04-18,2025-08-22,2026-07-17,2024-04-18,0,2026-10-10T19:12:13.807807+00:00
STX,스택스,binance,2019-10-25,2021-10-24,2021-04-05,2019-10-25,2019-11-01,0,2026-10-10T19:11:37.278163+00:00
INJ,인젝티브,binance,2020-10-21,2022-10-21,2024-10-17,2020-10-21,2020-10-22,0,2026-10-10T19:10:47.866136+00:00
VET,비체인,reference,2018-07-14,2020-07-13,2020-04-07,2018-07-25,2018-07-14,0,2026-10-10T19:12:23.414809+00:00
RAY,레이디움,reference,2021-02-22,2023-02-22,2025-06-19,2021-08-10,2021-02-22,0,2026-10-10T19:12:21.334445+00:00
CRO,크로노스,reference,2019-03-20,2021-03-19,2020-08-21,,2019-03-20,0,2026-10-10T19:12:16.010436+00:00
APT,앱토스,reference,2022-10-13,2024-10-12,2022-10-19,2022-10-19,2022-10-13,0,2026-10-10T19:12:14.336850+00:00
ZRO,레이어제로,upbit,2024-06-20,2026-06-20,2024-06-20,2024-06-20,2024-06-25,0,2026-10-10T19:12:13.346200+00:00
PYTH,피스네트워크,reference,2023-11-20,2025-11-19,2024-02-27,2024-02-02,2023-11-20,0,2026-10-10T19:12:21.058902+00:00
CRV,커브,binance,2020-08-15,2022-08-15,2026-08-21,2020-08-15,2020-08-15,0,2026-10-10T19:10:20.087010+00:00
VIRTUAL,버추얼프로토콜,reference,2024-12-13,,2025-01-31,2025-04-11,2024-12-13,0,2026-10-10T19:12:23.453093+00:00
SEI,세이,binance,2023-08-15,2025-08-14,2023-08-16,2023-08-15,2023-08-17,0,2026-10-10T19:11:30.441524+00:00
TIA,셀레스티아,binance,2023-10-31,2025-10-30,2025-05-08,2023-10-31,2023-10-31,0,2026-10-10T19:11:45.568480+00:00
DRV,디라이브,upbit,2026-07-14,,2026-07-14,,,0,2026-10-10T19:10:26.400475+00:00
PENDLE,펜들,reference,2021-10-27,2023-10-27,2024-08-06,2023-07-03,2021-10-27,0,2026-10-10T19:12:20.830185+00:00
ETHFI,이더파이,binance,2024-03-18,2026-03-18,2026-03-19,2024-03-18,2024-04-18,0,2026-10-10T19:10:33.363147+00:00
SPX,에스피엑스6900,reference,2024-11-08,,2026-06-16,,2024-11-08,0,2026-10-10T19:12:22.353205+00:00
KAIA,카이아,binance,2024-10-31,,2026-10-09,2024-10-31,2024-11-08,0,2026-10-10T19:10:52.006748+00:00
XTZ,테조스,reference,2018-06-30,2020-06-29,2020-08-04,2019-09-24,2018-06-30,0,2026-10-10T19:12:24.658475+00:00
GRT,더그래프,binance,2020-12-17,2022-12-17,2023-06-01,2020-12-17,2020-12-18,0,2026-10-10T19:10:42.612319+00:00
SYRUP,메이플파이낸스,reference,2025-01-24,,2025-07-25,2025-05-06,2025-01-24,0,2026-10-10T19:12:22.729235+00:00
CFX,콘플럭스,reference,2020-11-12,2022-11-12,2026-07-31,2021-03-29,2020-11-12,0,2026-10-10T19:12:15.626034+00:00
ENS,이더리움네임서비스,binance,2021-11-10,2023-11-10,2024-07-09,2021-11-10,2021-11-10,0,2026-10-10T19:10:30.013306+00:00
COMP,컴파운드,reference,2020-06-18,2022-06-18,2025-04-01,2020-06-25,2020-06-18,0,2026-10-10T19:12:16.032402+00:00
OP,옵티미즘,binance,2022-06-01,2024-05-31,2025-07-28,2022-06-01,2022-06-22,0,2026-10-10T19:11:12.774095+00:00
THETA,쎄타토큰,reference,2018-01-17,2020-01-17,2018-11-30,2019-04-10,2018-01-17,0,2026-10-10T19:12:22.983740+00:00
WIF,도그위프햇,reference,2023-12-19,2025-12-18,2026-05-06,2024-03-05,2023-12-19,0,2026-10-10T19:12:23.939474+00:00
TRAC,오리진트레일,reference,2018-01-26,2020-01-26,2026-05-18,,2018-01-26,0,2026-10-10T19:12:23.126924+00:00
AKT,아카시네트워크,reference,2021-03-12,2023-03-12,2024-04-23,,2021-03-12,0,2026-10-10T19:12:14.037956+00:00
JTO,지토,binance,2023-12-07,2025-12-06,2025-02-21,2023-12-07,2023-12-07,0,2026-10-10T19:10:50.875816+00:00
AXS,엑시인피니티,binance,2020-11-04,2022-11-04,2021-04-05,2020-11-04,2020-11-05,0,2026-10-10T19:10:02.276568+00:00
MANA,디센트럴랜드,reference,2017-08-25,2019-08-25,2019-03-28,2020-08-06,2017-08-25,0,2026-10-10T19:12:19.691517+00:00
SAND,샌드박스,binance,2020-08-14,2022-08-14,2021-01-21,2020-08-14,2020-08-15,0,2026-10-10T19:11:29.116443+00:00
BAT,베이직어텐션토큰,reference,2017-10-06,2019-10-06,2018-07-23,2019-03-04,2017-10-06,0,2026-10-10T19:12:15.005871+00:00
NEO,네오,reference,2017-07-15,2019-07-15,2017-09-25,2017-11-20,2017-07-15,0,2026-10-10T19:12:20.166592+00:00
A,볼타,upbit,2018-03-22,2020-03-21,2018-03-22,2025-05-28,2025-06-02,0,2026-10-10T19:09:46.142654+00:00
CHZ,칠리즈,binance,2019-09-06,2021-09-05,2020-04-17,2019-09-06,2019-09-07,0,2026-10-10T19:10:13.430752+00:00
XCN,오닉스코인,reference,2022-03-17,2024-03-16,2026-04-27,,2022-03-17,0,2026-10-10T19:12:24.119396+00:00
ORCA,오르카,reference,2021-10-06,2023-10-06,2025-03-21,2024-12-06,2021-10-06,0,2026-10-10T19:12:20.570929+00:00
XEC,이캐시,upbit,2020-11-19,2022-11-19,2020-11-19,2021-09-03,2021-07-03,0,2026-10-10T19:12:04.032147+00:00
SUPER,슈퍼버스,reference,2021-02-24,2023-02-24,2025-09-29,2021-03-25,2021-02-24,0,2026-10-10T19:12:22.843505+00:00
BEAM,빔,upbit,2024-05-31,2026-05-31,2024-05-31,,,0,2026-10-10T19:10:07.476014+00:00
GLM,골렘,upbit,2018-04-13,2020-04-12,2018-04-13,2023-03-17,2020-11-29,0,2026-10-10T19:10:41.617755+00:00
2Z,더블제로,upbit,2025-10-02,,2025-10-02,2025-10-02,2025-11-06,0,2026-10-10T19:09:44.752174+00:00
ZK,지케이싱크,reference,2024-04-18,2026-04-18,2026-01-06,2024-06-17,2024-04-18,0,2026-10-10T19:12:25.072744+00:00
NMR,뉴메레르,reference,2018-12-20,2020-12-19,2026-10-06,2020-08-19,2018-12-20,0,2026-10-10T19:12:20.212922+00:00
QTUM,퀀텀,reference,2017-07-28,2019-07-28,2017-09-25,2018-03-19,2017-07-28,0,2026-10-10T19:12:21.251719+00:00
KMNO,카미노파이낸스,reference,2024-07-24,2026-07-24,2026-08-07,2025-05-06,2024-07-24,0,2026-10-10T19:12:19.202455+00:00
GEOD,지오드넷,upbit,2026-07-27,,2026-07-27,,,0,2026-10-10T19:10:40.065792+00:00
GAS,가스,reference,2017-08-08,2019-08-08,2018-09-28,2023-03-17,2017-08-08,0,2026-10-10T19:12:17.815724+00:00
W,웜홀,binance,2024-04-03,2026-04-03,2024-10-02,2024-04-03,2024-04-18,0,2026-10-10T19:11:55.892743+00:00
ATH,에이셔,reference,2024-07-24,2026-07-24,2024-08-14,,2024-07-24,0,2026-10-10T19:12:14.653097+00:00
CFG,센트리퓨즈,upbit,2026-02-26,,2026-02-26,2026-03-16,,0,2026-10-10T19:10:12.444177+00:00
LPT,라이브피어,reference,2018-12-20,2020-12-19,2025-05-30,2021-05-28,2018-12-20,0,2026-10-10T19:12:19.516780+00:00
KAVA,카바,binance,2019-10-25,2021-10-24,2020-07-23,2019-10-25,2019-10-26,0,2026-10-10T19:10:54.563348+00:00
KAITO,카이토,binance,2025-02-20,,2025-03-05,2025-02-20,2025-03-28,0,2026-10-10T19:10:53.412033+00:00
COW,카우프로토콜,binance,2024-11-06,,2025-02-25,2024-11-06,2024-11-08,0,2026-10-10T19:10:17.550788+00:00
TFUEL,쎄타퓨엘,upbit,2019-03-22,2021-03-21,2019-03-22,2019-05-24,2019-06-22,0,2026-10-10T19:11:44.587347+00:00
SAFE,세이프,reference,2024-06-17,2026-06-17,2024-10-24,,2024-06-17,0,2026-10-10T19:12:21.827397+00:00
ZIL,질리카,reference,2018-01-27,2020-01-27,2018-05-10,2019-02-19,2018-01-27,0,2026-10-10T19:12:24.939130+00:00
VTHO,비토르토큰,reference,2019-06-22,2021-06-21,2025-01-21,2020-07-17,2019-06-22,0,2026-10-10T19:12:23.544807+00:00
CKB,너보스,reference,2019-11-18,2021-11-17,2024-09-13,2021-01-26,2019-11-18,0,2026-10-10T19:12:15.736252+00:00
ARKM,아캄,binance,2023-07-18,2025-07-17,2025-03-11,2023-07-18,2023-07-18,0,2026-10-10T19:09:55.577118+00:00
BNB,비앤비,reference,2017-07-15,2019-07-15,,2017-11-06,2017-07-15,0,2026-10-10T19:12:15.163909+00:00
HYPE,하이퍼리퀴드,reference,2024-12-13,,,2026-09-24,2024-12-13,0,2026-10-10T19:12:18.588234+00:00
ZEC,지캐시,reference,2016-10-29,2018-10-29,,2019-03-21,2016-10-29,0,2026-10-10T19:12:25.211146+00:00
LTC,라이트코인,reference,2013-04-01,2015-04-01,,2017-12-13,2013-04-01,0,2026-10-10T19:12:19.574490+00:00
QNT,퀀트,reference,2019-03-16,2021-03-15,,2021-07-29,2019-03-16,0,2026-10-10T19:12:21.180876+00:00
PAXG,팍스골드,reference,2020-02-15,2022-02-14,,2020-08-28,2020-02-15,0,2026-10-10T19:12:20.711356+00:00
ASTER,아스터,reference,2025-09-26,,,2025-10-06,2025-09-26,0,2026-10-10T19:12:14.504725+00:00
CAKE,팬케이크스왑,binance,2021-02-19,2023-02-19,,2021-02-19,2021-02-19,0,2026-10-10T19:10:10.446666+00:00
DASH,대시,reference,2014-02-08,2016-02-08,,2019-03-28,2014-02-08,0,2026-10-10T19:12:16.424720+00:00
FET,페치에이아이,binance,2019-02-28,2021-02-27,,2019-02-28,2019-03-01,0,2026-10-10T19:10:34.547242+00:00
NEXO,넥소,reference,2019-06-22,2021-06-21,,2022-04-29,2019-06-22,0,2026-10-10T19:12:20.084906+00:00
LDO,리도다오,reference,2021-09-11,2023-09-11,,2022-05-09,2021-09-11,0,2026-10-10T19:12:19.352487+00:00
GNO,노시스,reference,2017-05-02,2019-05-02,,2021-08-30,2017-05-02,0,2026-10-10T19:12:18.108129+00:00
DCR,디크레드,reference,2016-05-17,2018-05-17,,2020-07-30,2016-05-17,0,2026-10-10T19:12:16.452627+00:00
STRK,스타크넷,reference,2022-11-16,2024-11-15,,2024-02-20,2022-11-16,0,2026-10-10T19:12:22.470488+00:00
LUNC,루나클래식,binance,2022-09-09,2024-09-08,,2022-09-09,,0,2026-10-10T19:11:01.656940+00:00
AR,알위브,reference,2020-07-28,2022-07-28,,2021-05-14,2020-07-28,0,2026-10-10T19:12:14.238939+00:00
BONK,봉크,reference,2023-01-03,2025-01-02,,2023-12-15,2023-01-03,0,2026-10-10T19:12:15.302768+00:00
FLOKI,플로키,reference,2022-01-18,2024-01-18,,2023-05-05,2022-01-18,0,2026-10-10T19:12:17.553060+00:00
RUNE,토르체인,binance,2020-09-04,2022-09-04,,2020-09-04,2021-05-18,0,2026-10-10T19:11:27.877464+00:00
JASMY,재스미,reference,2021-02-17,2023-02-17,,2021-11-22,2021-02-17,0,2026-10-10T19:12:18.723707+00:00
TWT,트러스트월렛토큰,binance,2021-01-27,2023-01-27,,2021-01-27,2022-06-22,0,2026-10-10T19:11:49.114711+00:00
S,소닉,binance,2025-01-16,,,2025-01-16,2025-01-24,0,2026-10-10T19:11:28.064459+00:00
CVX,컨벡스파이낸스,reference,2021-06-03,2023-06-03,,2021-12-23,2021-06-03,0,2026-10-10T19:12:16.329099+00:00
SFP,세이프팔,binance,2021-02-08,2023-02-08,,2021-02-08,2021-02-08,0,2026-10-10T19:11:31.748545+00:00
ZEN,호라이즌,reference,2019-06-22,2021-06-21,,2020-07-06,2019-06-22,0,2026-10-10T19:12:24.811031+00:00
APE,에이프코인,binance,2022-03-17,2024-03-16,,2022-03-17,2022-03-25,0,2026-10-10T19:09:51.835163+00:00
DYDX,디와이디엑스,binance,2021-09-09,2023-09-09,,2021-09-09,2021-09-09,0,2026-10-10T19:10:27.289156+00:00
DEXE,덱스,reference,2021-01-21,2023-01-21,,2021-07-23,2021-01-21,0,2026-10-10T19:12:16.553340+00:00
GALA,갈라,reference,2021-08-13,2023-08-13,,2021-09-13,2021-08-13,0,2026-10-10T19:12:17.686077+00:00
RSR,리저브라이트,reference,2019-07-17,2021-07-16,,2020-08-27,2019-07-17,0,2026-10-10T19:12:21.613061+00:00
RLC,아이젝,reference,2017-04-21,2019-04-21,,2019-11-14,2017-04-21,0,2026-10-10T19:12:21.489144+00:00
ORDI,오디널스,reference,2023-05-08,2025-05-07,,2023-11-07,2023-05-08,0,2026-10-10T19:12:20.811040+00:00
GMX,지엠엑스,reference,2022-03-09,2024-03-08,,2022-10-05,2022-03-09,0,2026-10-10T19:12:17.966795+00:00
KSM,쿠사마,reference,2020-06-13,2022-06-13,,2020-09-04,2020-06-13,0,2026-10-10T19:12:19.302043+00:00
FTT,에프티엑스토큰,reference,2019-08-20,2021-08-19,,2019-12-20,2019-08-20,0,2026-10-10T19:12:17.810870+00:00
SNX,신세틱스,reference,2020-04-09,2022-04-09,,2020-07-09,2020-04-09,0,2026-10-10T19:12:22.417719+00:00
YFI,연파이낸스,reference,2020-07-25,2022-07-25,,2020-08-10,2020-07-25,0,2026-10-10T19:12:24.532432+00:00
EIGEN,아이겐레이어,binance,2024-10-01,2026-10-01,,2024-10-01,2024-10-01,0,2026-10-10T19:10:27.448896+00:00
MUBARAK,무바락,binance,2025-03-27,,,2025-03-27,2025-05-14,0,2026-10-10T19:11:05.375333+00:00
HUMA,휴마파이낸스,binance,2025-05-26,,,2025-05-26,2025-08-08,0,2026-10-10T19:10:45.897107+00:00
BOME,북오브밈,binance,2024-03-16,2026-03-16,,2024-03-16,2024-03-28,0,2026-10-10T19:10:08.479334+00:00
HOT,홀로,binance,2019-02-18,2021-02-17,,2019-02-18,,0,2026-10-10T19:10:44.930504+00:00
DGB,디지바이트,reference,2015-02-10,2017-02-09,,2020-07-20,2015-02-10,0,2026-10-10T19:12:16.574210+00:00
BANANAS31,바나나포스케일,binance,2025-03-27,,,2025-03-27,2025-03-28,0,2026-10-10T19:10:03.702878+00:00
0G,제로지,upbit,2025-09-22,,2025-09-22,2025-09-22,2025-09-26,0,2026-10-10T19:09:43.208581+00:00
ENJ,엔진코인,reference,2017-11-02,2019-11-02,,2019-04-18,2017-11-02,0,2026-10-10T19:12:16.995550+00:00
ROSE,오아시스,binance,2020-11-19,2022-11-19,,2020-11-19,2020-11-20,0,2026-10-10T19:11:26.878300+00:00
ONT,온톨로지,reference,2018-03-09,2020-03-08,2018-05-03,2018-06-08,2018-03-09,0,2026-10-10T19:12:20.502114+00:00
ASTR,아스타,binance,2022-02-28,2024-02-28,2023-12-18,2022-02-28,2022-06-22,0,2026-10-10T19:09:57.542484+00:00
